<?xml version="1.0" encoding="utf-8"?>
<SupportedNetworkInterfaceCards>
  <NIC>
    <manufacturer>8086</manufacturer>
      <deviceid>1000</deviceid>
      <deviceid>1001</deviceid>
      <deviceid>1004</deviceid>
      <deviceid>1008</deviceid>
      <deviceid>1009</deviceid>
      <deviceid>100C</deviceid>
      <deviceid>100D</deviceid>
      <deviceid>100E</deviceid>
      <deviceid>1015</deviceid>
      <deviceid>1016</deviceid>
      <deviceid>1017</deviceid>
      <deviceid>101E</deviceid>
      <deviceid>100F</deviceid>
      <deviceid>1011</deviceid>
      <deviceid>1026</deviceid>
      <deviceid>1027</deviceid>
      <deviceid>1028</deviceid>
      <deviceid>1010</deviceid>
      <deviceid>1012</deviceid>
      <deviceid>101D</deviceid>
      <deviceid>1079</deviceid>
      <deviceid>107A</deviceid>
      <deviceid>107B</deviceid>
      <deviceid>108A</deviceid>
      <deviceid>1099</deviceid>
      <deviceid>10B5</deviceid>
      <deviceid>1013</deviceid>
      <deviceid>1018</deviceid>
      <deviceid>1014</deviceid>
      <deviceid>1078</deviceid>
      <deviceid>1076</deviceid>
      <deviceid>107C</deviceid>
      <deviceid>1077</deviceid>
      <deviceid>1019</deviceid>
      <deviceid>101A</deviceid>
      <deviceid>1075</deviceid>
      <deviceid>105E</deviceid>
      <deviceid>105F</deviceid>
      <deviceid>1060</deviceid>
      <deviceid>10D9</deviceid>
      <deviceid>10DA</deviceid>
      <deviceid>10A4</deviceid>
      <deviceid>10D5</deviceid>
      <deviceid>10A5</deviceid>
      <deviceid>10BC</deviceid>
      <deviceid>107D</deviceid>
      <deviceid>107E</deviceid>
      <deviceid>107F</deviceid>
      <deviceid>10B9</deviceid>
      <deviceid>108B</deviceid>
      <deviceid>108C</deviceid>
      <deviceid>109A</deviceid>
      <deviceid>10D3</deviceid>
      <deviceid>10F6</deviceid>
      <deviceid>150C</deviceid>
      <deviceid>1096</deviceid>
      <deviceid>1098</deviceid>
      <deviceid>10BA</deviceid>
      <deviceid>10BB</deviceid>
      <deviceid>1501</deviceid>
      <deviceid>1049</deviceid>
      <deviceid>104A</deviceid>
      <deviceid>104B</deviceid>
      <deviceid>104C</deviceid>
      <deviceid>10C4</deviceid>
      <deviceid>10C5</deviceid>
      <deviceid>104D</deviceid>
      <deviceid>10BF</deviceid>
      <deviceid>10F5</deviceid>
      <deviceid>10CB</deviceid>
      <deviceid>10BD</deviceid>
      <deviceid>10E5</deviceid>
      <deviceid>294C</deviceid>
      <deviceid>10C0</deviceid>
      <deviceid>10C3</deviceid>
      <deviceid>10C2</deviceid>
      <deviceid>10CC</deviceid>
      <deviceid>10CD</deviceid>
      <deviceid>10CE</deviceid>
      <deviceid>10DE</deviceid>
      <deviceid>10DF</deviceid>
      <deviceid>1525</deviceid>
      <deviceid>10EA</deviceid>
      <deviceid>10EB</deviceid>
      <deviceid>10EF</deviceid>
      <deviceid>10F0</deviceid>
      <deviceid>1502</deviceid>
      <deviceid>1503</deviceid>
      <deviceid>153A</deviceid>
      <deviceid>153B</deviceid>
      <deviceid>155A</deviceid>
      <deviceid>1559</deviceid>
      <deviceid>15A0</deviceid>
      <deviceid>15A1</deviceid>
      <deviceid>15A2</deviceid>
      <deviceid>15A3</deviceid>
      <deviceid>156F</deviceid>
      <deviceid>1570</deviceid>
      <deviceid>15B7</deviceid>
      <deviceid>15B8</deviceid>
      <deviceid>15B9</deviceid>
      <deviceid>15D7</deviceid>
      <deviceid>15D8</deviceid>
      <deviceid>15E3</deviceid>
      <deviceid>15D6</deviceid>
      <deviceid>15BD</deviceid>
      <deviceid>15BE</deviceid>
      <deviceid>15BB</deviceid>
      <deviceid>15BC</deviceid>
      <deviceid>15DF</deviceid>
      <deviceid>15E0</deviceid>
      <deviceid>15E1</deviceid>
      <deviceid>15E2</deviceid>
      <deviceid>10C9</deviceid>
      <deviceid>10E6</deviceid>
      <deviceid>10E7</deviceid>
      <deviceid>10E8</deviceid>
      <deviceid>1526</deviceid>
      <deviceid>150A</deviceid>
      <deviceid>1518</deviceid>
      <deviceid>150D</deviceid>
      <deviceid>10A7</deviceid>
      <deviceid>10A9</deviceid>
      <deviceid>10D6</deviceid>
      <deviceid>150E</deviceid>
      <deviceid>150F</deviceid>
      <deviceid>1510</deviceid>
      <deviceid>1511</deviceid>
      <deviceid>1516</deviceid>
      <deviceid>1527</deviceid>
      <deviceid>1521</deviceid>
      <deviceid>1522</deviceid>
      <deviceid>1523</deviceid>
      <deviceid>1524</deviceid>
      <deviceid>1546</deviceid>
      <deviceid>1533</deviceid>
      <deviceid>1534</deviceid>
      <deviceid>1535</deviceid>
      <deviceid>1536</deviceid>
      <deviceid>1537</deviceid>
      <deviceid>1538</deviceid>
      <deviceid>157B</deviceid>
      <deviceid>157C</deviceid>
      <deviceid>1539</deviceid>
      <deviceid>1F40</deviceid>
      <deviceid>1F41</deviceid>
      <deviceid>1F45</deviceid>
      <deviceid>0438</deviceid>
      <deviceid>043A</deviceid>
      <deviceid>043C</deviceid>
      <deviceid>0440</deviceid>
      <deviceid>10C6</deviceid>
      <deviceid>10C7</deviceid>
      <deviceid>10C8</deviceid>
      <deviceid>150B</deviceid>
      <deviceid>10DB</deviceid>
      <deviceid>10DD</deviceid>
      <deviceid>10EC</deviceid>
      <deviceid>10F1</deviceid>
      <deviceid>10E1</deviceid>
      <deviceid>10F4</deviceid>
      <deviceid>10F7</deviceid>
      <deviceid>1514</deviceid>
      <deviceid>1517</deviceid>
      <deviceid>10F8</deviceid>
      <deviceid>000C</deviceid>
      <deviceid>1F63</deviceid>
      <deviceid>10F9</deviceid>
      <deviceid>10FB</deviceid>
      <deviceid>11A9</deviceid>
      <deviceid>1071</deviceid>
      <deviceid>1F72</deviceid>
      <deviceid>17D0</deviceid>
      <deviceid>0470</deviceid>
      <deviceid>211B</deviceid>
      <deviceid>8976</deviceid>
      <deviceid>2159</deviceid>
      <deviceid>000D</deviceid>
      <deviceid>0008</deviceid>
      <deviceid>152A</deviceid>
      <deviceid>1529</deviceid>
      <deviceid>1507</deviceid>
      <deviceid>154D</deviceid>
      <deviceid>154A</deviceid>
      <deviceid>1558</deviceid>
      <deviceid>1557</deviceid>
      <deviceid>0001</deviceid>
      <deviceid>10FC</deviceid>
      <deviceid>151C</deviceid>
      <deviceid>1528</deviceid>
      <deviceid>1560</deviceid>
      <deviceid>1563</deviceid>
      <deviceid>ABCD</deviceid>
      <deviceid>15AA</deviceid>
      <deviceid>15AB</deviceid>
      <deviceid>15AC</deviceid>
      <deviceid>15AD</deviceid>
      <deviceid>15AE</deviceid>
  </NIC>

  <NIC>
    <manufacturer>10EC</manufacturer>
      <deviceid>8136</deviceid>
      <deviceid>8137</deviceid>
      <deviceid>8168</deviceid>
      <deviceid>8167</deviceid>
      <deviceid>8169</deviceid>
      <deviceid>8166</deviceid>
      <deviceid>8161</deviceid>
      <deviceid>8125</deviceid>
      <deviceid>8225</deviceid>
      <deviceid>2502</deviceid>
      <deviceid>2600</deviceid>
      <deviceid>3000</deviceid>
  </NIC>

  <NIC>
    <manufacturer>14E4</manufacturer>
      <deviceid>1644</deviceid>
      <deviceid>1645</deviceid>
      <deviceid>1646</deviceid>
      <deviceid>16A6</deviceid>
      <deviceid>16C6</deviceid>
      <deviceid>1647</deviceid>
      <deviceid>16A7</deviceid>
      <deviceid>16C7</deviceid>
      <deviceid>164D</deviceid>
      <deviceid>1648</deviceid>
      <deviceid>16A8</deviceid>
      <deviceid>1653</deviceid>
      <deviceid>166E</deviceid>
      <deviceid>1654</deviceid>
      <deviceid>165D</deviceid>
      <deviceid>165E</deviceid>
      <deviceid>166D</deviceid>
      <deviceid>170D</deviceid>
      <deviceid>170E</deviceid>
      <deviceid>1696</deviceid>
      <deviceid>1676</deviceid>
      <deviceid>1677</deviceid>
      <deviceid>1659</deviceid>
      <deviceid>167C</deviceid>
      <deviceid>167D</deviceid>
      <deviceid>169D</deviceid>
      <deviceid>16F7</deviceid>
      <deviceid>16FD</deviceid>
      <deviceid>16FE</deviceid>
      <deviceid>16DD</deviceid>
      <deviceid>1668</deviceid>
      <deviceid>1669</deviceid>
      <deviceid>1678</deviceid>
      <deviceid>1679</deviceid>
      <deviceid>1600</deviceid>
      <deviceid>1601</deviceid>
      <deviceid>166A</deviceid>
      <deviceid>166B</deviceid>
      <deviceid>16FF</deviceid>
      <deviceid>170F</deviceid>
      <deviceid>169B</deviceid>
      <deviceid>1693</deviceid>
      <deviceid>167F</deviceid>
      <deviceid>169A</deviceid>
      <deviceid>1698</deviceid>
      <deviceid>1692</deviceid>
      <deviceid>1694</deviceid>
      <deviceid>1690</deviceid>
      <deviceid>1691</deviceid>
      <deviceid>1699</deviceid>
      <deviceid>16A0</deviceid>
      <deviceid>167B</deviceid>
      <deviceid>1673</deviceid>
      <deviceid>165A</deviceid>
      <deviceid>1674</deviceid>
      <deviceid>1681</deviceid>
      <deviceid>1680</deviceid>
      <deviceid>1688</deviceid>
      <deviceid>167A</deviceid>
      <deviceid>1672</deviceid>
      <deviceid>1684</deviceid>
      <deviceid>165B</deviceid>
      <deviceid>16B1</deviceid>
      <deviceid>16B5</deviceid>
      <deviceid>16B0</deviceid>
      <deviceid>16B4</deviceid>
      <deviceid>16B2</deviceid>
      <deviceid>16B6</deviceid>
      <deviceid>1682</deviceid>
      <deviceid>1686</deviceid>
      <deviceid>16B3</deviceid>
      <deviceid>16B7</deviceid>
      <deviceid>1655</deviceid>
      <deviceid>1665</deviceid>
      <deviceid>1656</deviceid>
      <deviceid>1657</deviceid>
      <deviceid>165F</deviceid>
      <deviceid>165C</deviceid>
      <deviceid>1683</deviceid>
      <deviceid>1641</deviceid>
      <deviceid>1642</deviceid>
      <deviceid>1643</deviceid>
      <deviceid>1687</deviceid>
      <deviceid>164A</deviceid>
      <deviceid>16AA</deviceid>
      <deviceid>164C</deviceid>
      <deviceid>16AC</deviceid>
      <deviceid>1639</deviceid>
      <deviceid>163A</deviceid>
      <deviceid>163B</deviceid>
      <deviceid>163C</deviceid>
      <deviceid>164E</deviceid>
      <deviceid>164F</deviceid>
      <deviceid>1650</deviceid>
      <deviceid>1662</deviceid>
      <deviceid>1663</deviceid>
      <deviceid>168A</deviceid>
      <deviceid>168D</deviceid>
      <deviceid>16A1</deviceid>
      <deviceid>16A2</deviceid>
      <deviceid>168E</deviceid>
      <deviceid>163D</deviceid>
      <deviceid>16A5</deviceid>
      <deviceid>16A4</deviceid>
      <deviceid>16AE</deviceid>
      <deviceid>163E</deviceid>
      <deviceid>16C0</deviceid>
      <deviceid>16C9</deviceid>
      <deviceid>16CA</deviceid>
      <deviceid>16CC</deviceid>
      <deviceid>16CD</deviceid>
      <deviceid>16CE</deviceid>
      <deviceid>16CF</deviceid>
      <deviceid>16D0</deviceid>
      <deviceid>16D1</deviceid>
      <deviceid>16D2</deviceid>
      <deviceid>16D4</deviceid>
      <deviceid>16D5</deviceid>
      <deviceid>16D6</deviceid>
      <deviceid>16D7</deviceid>
      <deviceid>16D8</deviceid>
      <deviceid>16D9</deviceid>
      <deviceid>16DA</deviceid>
      <deviceid>16DB</deviceid>
      <deviceid>16DC</deviceid>
      <deviceid>16DE</deviceid>
      <deviceid>16DF</deviceid>
      <deviceid>16E0</deviceid>
      <deviceid>16E2</deviceid>
      <deviceid>16E3</deviceid>
      <deviceid>16E4</deviceid>
      <deviceid>16E7</deviceid>
      <deviceid>16E8</deviceid>
      <deviceid>16E9</deviceid>
      <deviceid>16EA</deviceid>
      <deviceid>16EB</deviceid>
      <deviceid>16EC</deviceid>
      <deviceid>16ED</deviceid>
      <deviceid>16EE</deviceid>
      <deviceid>16EF</deviceid>
      <deviceid>16F0</deviceid>
      <deviceid>16F1</deviceid>
      <deviceid>1614</deviceid>
      <deviceid>D802</deviceid>
  </NIC>

  <NIC>
    <manufacturer>1969</manufacturer>
      <deviceid>1062</deviceid>
      <deviceid>1063</deviceid>
      <deviceid>2060</deviceid>
      <deviceid>2062</deviceid>
      <deviceid>1073</deviceid>
      <deviceid>1083</deviceid>
      <deviceid>1090</deviceid>
      <deviceid>1091</deviceid>
      <deviceid>E091</deviceid>
      <deviceid>10A0</deviceid>
      <deviceid>10A1</deviceid>
      <deviceid>E0A1</deviceid>
      <deviceid>10B0</deviceid>
      <deviceid>10B1</deviceid>
      <deviceid>E0B1</deviceid>
      <deviceid>10C0</deviceid>
      <deviceid>10C1</deviceid>
      <deviceid>E0C1</deviceid>
      <deviceid>10D0</deviceid>
      <deviceid>10D1</deviceid>
      <deviceid>E0D1</deviceid>
      <deviceid>10E0</deviceid>
      <deviceid>10E1</deviceid>
      <deviceid>E0E1</deviceid>
      <deviceid>10F0</deviceid>
      <deviceid>10F1</deviceid>
      <deviceid>E0F1</deviceid>
  </NIC>

  <NIC>
    <manufacturer>19A2</manufacturer>
      <deviceid>0211</deviceid>
      <deviceid>0215</deviceid>
      <deviceid>0221</deviceid>
      <deviceid>0700</deviceid>
      <deviceid>0710</deviceid>
  </NIC>

  <NIC>
    <manufacturer>10DF</manufacturer>
      <deviceid>0720</deviceid>
      <deviceid>E220</deviceid>
  </NIC>

  <NIC>
    <manufacturer>15B3</manufacturer>
      <deviceid>1000</deviceid>
      <deviceid>1001</deviceid>
      <deviceid>1002</deviceid>
      <deviceid>1003</deviceid>
      <deviceid>1004</deviceid>
      <deviceid>1005</deviceid>
      <deviceid>1006</deviceid>
      <deviceid>1007</deviceid>
      <deviceid>1008</deviceid>
      <deviceid>1009</deviceid>
      <deviceid>100A</deviceid>
      <deviceid>100B</deviceid>
      <deviceid>100C</deviceid>
      <deviceid>100D</deviceid>
      <deviceid>100E</deviceid>
      <deviceid>100F</deviceid>
      <deviceid>1010</deviceid>
      <deviceid>6340</deviceid>
      <deviceid>6341</deviceid>
      <deviceid>634A</deviceid>
      <deviceid>634B</deviceid>
      <deviceid>6354</deviceid>
      <deviceid>6368</deviceid>
      <deviceid>6369</deviceid>
      <deviceid>6372</deviceid>
      <deviceid>6732</deviceid>
      <deviceid>6733</deviceid>
      <deviceid>673C</deviceid>
      <deviceid>673D</deviceid>
      <deviceid>6746</deviceid>
      <deviceid>6750</deviceid>
      <deviceid>6751</deviceid>
      <deviceid>675A</deviceid>
      <deviceid>6764</deviceid>
      <deviceid>6765</deviceid>
      <deviceid>676E</deviceid>
      <deviceid>6778</deviceid>
      <deviceid>1013</deviceid>
      <deviceid>1015</deviceid>
      <deviceid>1017</deviceid>
      <deviceid>1019</deviceid>
      <deviceid>101B</deviceid>
      <deviceid>101D</deviceid>
      <deviceid>101F</deviceid>
      <deviceid>1021</deviceid>
      <deviceid>1023</deviceid>
      <deviceid>1025</deviceid>
      <deviceid>1027</deviceid>
      <deviceid>1029</deviceid>
      <deviceid>102B</deviceid>
      <deviceid>102F</deviceid>
  </NIC>

  <NIC>
    <manufacturer>1137</manufacturer>
      <deviceid>0043</deviceid>
  </NIC>

</SupportedNetworkInterfaceCards>
